{"policies_loss":3.0447890758514404,"_timestamp":1.777445056856832e+09,"_runtime":123,"_wandb":{"runtime":123},"_step":69,"values_loss":0.9176799058914185}