{"_wandb":{"runtime":317},"_runtime":317,"_step":169,"values_loss":1.029005765914917,"policies_loss":2.669811248779297,"_timestamp":1.7774448948561373e+09}