{"_wandb":{"runtime":237},"_runtime":237,"policies_loss":2.491046905517578,"_timestamp":1.7774399033404305e+09,"_step":249,"values_loss":0.9582939147949219}