{"values_loss":0.9576732516288757,"policies_loss":2.4953091144561768,"_timestamp":1.777443929488085e+09,"_wandb":{"runtime":336},"_runtime":336,"_step":249}