{"_step":249,"values_loss":1.0477648973464966,"policies_loss":2.3632848262786865,"_wandb":{"runtime":217},"_runtime":217,"_timestamp":1.7774434592584746e+09}