{"_timestamp":1.7774445225800602e+09,"_step":249,"_wandb":{"runtime":404},"_runtime":404,"values_loss":0.9530012011528015,"policies_loss":2.6754918098449707}